Time (incorrect),Time,Date,FILE NAME,SITE NAME,FAULT CODE,TAL PC RFU,Barometer,Chl,Cond,Sp_Cond,TDS,Sal,nLFCond,Depth,Vertical_Position,Pressure,ODO,ODO.1,ODO.2,FDOM QSU,FDOM RFU,ORP,pH,pH.1,CABLE PWR V,BATTERY V,Temp,Turbidity,TSS,WIPER POSITION VOLT,,
5:43:07 AM,12:43:07 AM,6/5/2025,EXOH_tbsite_06032025_060525_053701.bin,tbsite_06032025,4,-0.04,721.1,0.9,42.1,69.4,45,0.03,70.3,7.396,7.409,10.515,-3,-0.38,-3,6.48,1.72,-117.9,6.04,16,0,5.25,4.422,121.66,0,1.223,,
5:43:05 AM,12:43:05 AM,6/5/2025,EXOH_tbsite_06032025_060525_053701.bin,tbsite_06032025,4,-0.04,721.1,0.9,42.1,69.4,45,0.03,70.3,7.396,7.395,10.514,-3,-0.38,-3,6.49,1.73,-117.2,6.04,16,0,5.25,4.421,125.34,0,1.223,,
5:43:04 AM,12:43:04 AM,6/5/2025,EXOH_tbsite_06032025_060525_053701.bin,tbsite_06032025,4,-0.04,721.1,0.89,42.1,69.3,45,0.03,70.3,7.395,7.397,10.514,-3,-0.38,-3,6.55,1.75,-116.3,6.04,16,0,5.25,4.419,130.91,0,1.223,,
5:43:02 AM,12:43:02 AM,6/5/2025,EXOH_tbsite_06032025_060525_053701.bin,tbsite_06032025,4,-0.04,720.9,0.9,42.1,69.3,45,0.03,70.3,7.395,7.392,10.513,-3,-0.38,-3,6.61,1.77,-115.6,6.04,16,0,5.25,4.417,137.92,0,1.223,,
5:43:00 AM,12:43:00 AM,6/5/2025,EXOH_tbsite_06032025_060525_053701.bin,tbsite_06032025,4,-0.04,720.9,0.9,42,69.3,45,0.03,70.2,7.395,7.39,10.513,-2.9,-0.38,-3,6.66,1.78,-114.6,6.04,16,0,5.25,4.416,143.65,0,1.223,,
5:42:58 AM,12:42:58 AM,6/5/2025,EXOH_tbsite_06032025_060525_053701.bin,tbsite_06032025,4,-0.04,720.9,0.9,42,69.3,45,0.03,70.2,7.395,7.409,10.513,-2.9,-0.38,-3,6.69,1.8,-113.6,6.04,16,0,5.25,4.414,152.11,0,1.223,,
5:42:56 AM,12:42:56 AM,6/5/2025,EXOH_tbsite_06032025_060525_053701.bin,tbsite_06032025,4,-0.04,720.9,0.91,42,69.2,45,0.03,70.2,7.394,7.403,10.512,-2.9,-0.38,0,6.69,1.8,-113.3,6.04,16,0,5.25,4.413,158.88,0,1.223,,
5:42:55 AM,12:42:55 AM,6/5/2025,EXOH_tbsite_06032025_060525_053701.bin,tbsite_06032025,4,-0.05,720.9,0.91,42,69.2,45,0.03,70.2,7.393,7.399,10.511,-2.9,-0.38,-3,6.75,1.81,-112.8,6.04,16,0,5.25,4.412,168.62,0,1.223,,
5:42:53 AM,12:42:53 AM,6/5/2025,EXOH_tbsite_06032025_060525_053701.bin,tbsite_06032025,4,-0.05,720.9,0.92,42,69.2,45,0.03,70.1,7.393,7.395,10.51,-2.9,-0.38,-3,6.76,1.82,-112.4,6.04,16,0,5.25,4.41,177.95,0,1.223,,
5:42:51 AM,12:42:51 AM,6/5/2025,EXOH_tbsite_06032025_060525_053701.bin,tbsite_06032025,4,-0.05,720.9,0.91,42,69.1,45,0.03,70.1,7.393,7.397,10.51,-2.9,-0.38,-3,6.8,1.83,-111.9,6.04,16,0,5.25,4.409,184.9,0,1.223,,
5:42:49 AM,12:42:49 AM,6/5/2025,EXOH_tbsite_06032025_060525_053701.bin,tbsite_06032025,4,-0.05,720.9,0.92,41.9,69.1,45,0.03,70.1,7.392,7.398,10.509,-2.9,-0.38,-3,6.82,1.84,-111.4,6.04,16.1,0,5.25,4.407,194.17,0,1.223,,
5:42:48 AM,12:42:48 AM,6/5/2025,EXOH_tbsite_06032025_060525_053701.bin,tbsite_06032025,4,-0.06,720.9,0.91,41.9,69.1,45,0.03,70,7.391,7.405,10.508,-2.9,-0.38,-3,6.84,1.84,-111,6.04,16.1,0,5.25,4.406,200.14,0,1.223,,
5:42:46 AM,12:42:46 AM,6/5/2025,EXOH_tbsite_06032025_060525_053701.bin,tbsite_06032025,4,-0.05,720.9,0.91,41.9,69.1,45,0.03,70,7.391,7.393,10.507,-2.9,-0.38,-3,6.88,1.86,-110.5,6.04,16.1,0,5.26,4.404,206.9,0,1.223,,
5:42:44 AM,12:42:44 AM,6/5/2025,EXOH_tbsite_06032025_060525_053701.bin,tbsite_06032025,4,-0.04,720.9,0.91,41.9,69,45,0.03,70,7.39,7.392,10.506,-2.9,-0.38,-3,6.91,1.87,-110.1,6.04,16.1,0,5.26,4.402,212.44,0,1.223,,
5:42:42 AM,12:42:42 AM,6/5/2025,EXOH_tbsite_06032025_060525_053701.bin,tbsite_06032025,4,-0.04,720.9,0.91,41.9,69,45,0.03,70,7.389,7.397,10.505,-2.9,-0.38,-3,6.94,1.88,-109.6,6.04,16.1,0,5.26,4.401,215.5,0,1.223,,
5:42:40 AM,12:42:40 AM,6/5/2025,EXOH_tbsite_06032025_060525_053701.bin,tbsite_06032025,4,-0.04,720.9,0.91,41.9,69,45,0.03,70,7.388,7.407,10.504,-2.9,-0.38,-3,6.98,1.89,-109.1,6.04,16.1,0,5.26,4.399,218.8,0,1.223,,
5:42:38 AM,12:42:38 AM,6/5/2025,EXOH_tbsite_06032025_060525_053701.bin,tbsite_06032025,4,-0.05,720.9,0.92,41.9,69,45,0.03,70,7.388,7.402,10.503,-2.9,-0.38,-3,7,1.9,-108.5,6.03,16.1,0,5.26,4.397,221.09,0,1.223,,
5:42:37 AM,12:42:37 AM,6/5/2025,EXOH_tbsite_06032025_060525_053701.bin,tbsite_06032025,4,-0.05,720.9,0.91,41.9,69,45,0.03,70,7.386,7.389,10.5,-2.9,-0.38,-3,7.04,1.91,-107.8,6.03,16.2,0,5.26,4.395,223.92,0,1.223,,
5:42:35 AM,12:42:35 AM,6/5/2025,EXOH_tbsite_06032025_060525_053701.bin,tbsite_06032025,4,-0.04,721,0.92,41.9,69,45,0.03,70,7.385,7.39,10.498,-2.9,-0.38,-3,7.06,1.92,-107.5,6.03,16.2,0,5.27,4.394,227.69,0,1.223,,
5:42:33 AM,12:42:33 AM,6/5/2025,EXOH_tbsite_06032025_060525_053701.bin,tbsite_06032025,4,-0.04,721,0.91,41.9,69,45,0.03,70,7.383,7.396,10.496,-2.9,-0.38,-3,7.1,1.93,-106.3,6.03,16.2,0,5.27,4.391,232.12,0,1.223,,
5:42:31 AM,12:42:31 AM,6/5/2025,EXOH_tbsite_06032025_060525_053701.bin,tbsite_06032025,4,-0.03,721,0.9,41.9,69.1,45,0.03,70,7.38,7.394,10.492,-2.9,-0.38,-3,7.1,1.93,-99.6,6.03,16.3,0,5.27,4.389,239.82,0,1.223,,
5:42:29 AM,12:42:29 AM,6/5/2025,EXOH_tbsite_06032025_060525_053701.bin,tbsite_06032025,4,-0.02,721,0.9,41.9,69.1,45,0.03,70,7.376,7.393,10.486,-2.9,-0.38,-3,7.11,1.93,-99.1,6.03,16.4,0,5.27,4.388,247.03,0,1.223,,
5:42:28 AM,12:42:28 AM,6/5/2025,EXOH_tbsite_06032025_060525_053701.bin,tbsite_06032025,4,-0.03,721,0.9,41.9,69.1,45,0.03,70,7.371,7.392,10.479,-2.9,-0.38,-3,7.16,1.95,-98.4,6.03,16.5,0,5.27,4.385,258.3,0,1.223,,
5:42:26 AM,12:42:26 AM,6/5/2025,EXOH_tbsite_06032025_060525_053701.bin,tbsite_06032025,4,-0.04,721,0.9,41.8,69,45,0.03,70,7.362,7.39,10.466,-2.9,-0.38,-3,7.15,1.95,-97.9,6.03,16.6,0,5.26,4.383,268.93,0,1.223,,
5:42:24 AM,12:42:24 AM,6/5/2025,EXOH_tbsite_06032025_060525_053701.bin,tbsite_06032025,4,-0.04,720.9,0.9,41.8,69,45,0.03,69.9,7.353,7.393,10.454,-2.9,-0.38,-3,7.16,1.95,-97.1,6.02,16.7,0,5.26,4.381,276.16,0,1.223,,
5:42:22 AM,12:42:22 AM,6/5/2025,EXOH_tbsite_06032025_060525_053701.bin,tbsite_06032025,4,-0.03,720.9,0.91,41.8,68.9,45,0.03,69.9,7.339,7.39,10.433,-2.9,-0.38,-3,7.13,1.94,-96.2,6.02,16.9,0,5.26,4.379,284.86,0,1.223,,
5:42:21 AM,12:42:21 AM,6/5/2025,EXOH_tbsite_06032025_060525_053701.bin,tbsite_06032025,4,-0.04,720.9,0.91,41.7,68.8,45,0.03,69.8,7.325,7.398,10.413,-2.9,-0.37,-3,7.09,1.93,-95.4,6.02,17.1,0,5.26,4.376,289.87,0,1.223,,
5:42:19 AM,12:42:19 AM,6/5/2025,EXOH_tbsite_06032025_060525_053701.bin,tbsite_06032025,4,-0.03,720.9,0.9,41.6,68.7,45,0.03,69.7,7.304,7.381,10.384,-2.9,-0.37,-3,7.07,1.92,-94.4,6.01,17.4,0,5.26,4.374,294.75,0,1.223,,
5:42:17 AM,12:42:17 AM,6/5/2025,EXOH_tbsite_06032025_060525_053701.bin,tbsite_06032025,4,-0.03,720.9,0.89,41.6,68.6,45,0.03,69.5,7.28,7.398,10.349,-2.9,-0.37,-3,7.04,1.91,-93.7,6,17.8,0,5.26,4.37,297.17,0,1.223,,
5:42:15 AM,12:42:15 AM,6/5/2025,EXOH_tbsite_06032025_060525_053701.bin,tbsite_06032025,4,-0.03,720.9,0.88,41.5,68.4,44,0.03,69.4,7.259,7.385,10.32,-2.9,-0.37,-3,6.99,1.9,-92.5,5.99,18.4,0,5.25,4.368,297.25,0,1.223,,
5:42:13 AM,12:42:13 AM,6/5/2025,EXOH_tbsite_06032025_060525_053701.bin,tbsite_06032025,4,-0.03,720.9,0.87,41.4,68.3,44,0.03,69.2,7.232,7.384,10.281,-2.9,-0.37,-3,6.95,1.88,-91.6,5.98,19.2,0,5.25,4.364,295.53,0,1.223,,
5:42:11 AM,12:42:11 AM,6/5/2025,EXOH_tbsite_06032025_060525_053701.bin,tbsite_06032025,4,-0.03,720.9,0.86,41.3,68.2,44,0.03,69.1,7.2,7.384,10.236,-2.9,-0.37,-3,6.93,1.87,-90.4,5.96,19.9,0,5.25,4.36,292.79,0,1.223,,
5:42:10 AM,12:42:10 AM,6/5/2025,EXOH_tbsite_06032025_060525_053701.bin,tbsite_06032025,4,-0.03,720.9,0.85,41.2,68.1,44,0.03,69,7.177,7.383,10.204,-2.9,-0.37,-2.9,6.89,1.86,-83.4,5.96,20.3,0,5.25,4.357,289.76,0,1.223,,
5:42:08 AM,12:42:08 AM,6/5/2025,EXOH_tbsite_06032025_060525_053701.bin,tbsite_06032025,4,-0.01,720.9,0.86,41.1,67.9,44,0.03,68.9,7.14,7.388,10.15,-2.9,-0.37,-2.9,6.81,1.83,-82.7,5.95,20.6,0,5.25,4.354,285.44,0,1.223,,
5:42:06 AM,12:42:06 AM,6/5/2025,EXOH_tbsite_06032025_060525_053701.bin,tbsite_06032025,4,0,720.9,0.86,40.8,67.3,44,0.03,68.2,7.11,7.377,10.108,-2.9,-0.37,-2.9,6.76,1.82,-81.8,5.94,21,0,5.25,4.349,277.86,0,1.223,,
5:42:04 AM,12:42:04 AM,6/5/2025,EXOH_tbsite_06032025_060525_053701.bin,tbsite_06032025,4,0.04,720.9,0.88,40.5,66.8,43,0.03,67.7,7.071,7.378,10.052,-2.8,-0.37,-2.9,6.68,1.79,-81.1,5.94,21.3,0,5.25,4.346,270.96,0,1.223,,
5:42:03 AM,12:42:03 AM,6/5/2025,EXOH_tbsite_06032025_060525_053701.bin,tbsite_06032025,4,0.1,721,0.9,40,66,43,0.03,66.9,7.038,7.375,10.005,-2.8,-0.37,-2.9,6.53,1.74,-79.8,5.93,21.9,0,5.25,4.341,261.96,0,1.223,,
5:42:01 AM,12:42:01 AM,6/5/2025,EXOH_tbsite_06032025_060525_053701.bin,tbsite_06032025,4,0.21,721,0.94,39.5,65.3,42,0.03,66.2,6.99,7.37,9.938,-2.8,-0.37,-2.9,6.45,1.71,-77.8,5.91,22.5,0,5.25,4.336,227.98,0,1.223,,
5:41:59 AM,12:41:59 AM,6/5/2025,EXOH_tbsite_06032025_060525_053701.bin,tbsite_06032025,4,0.5,721,0.96,39.2,64.7,42,0.03,65.6,6.958,7.365,9.892,-2.8,-0.37,-2.9,6.41,1.7,-75.9,5.9,23.3,0,5.25,4.332,236.91,0,1.223,,
5:41:57 AM,12:41:57 AM,6/5/2025,EXOH_tbsite_06032025_060525_053701.bin,tbsite_06032025,4,1.01,721,0.98,38.4,63.4,41,0.03,64.3,6.906,7.361,9.817,-2.8,-0.36,-2.9,6.37,1.69,-71.4,5.88,24.2,0,5.25,4.327,251.87,0,1.223,,
5:41:56 AM,12:41:56 AM,6/5/2025,EXOH_tbsite_06032025_060525_053701.bin,tbsite_06032025,4,1.03,721,1,37.8,62.5,41,0.03,63.4,6.866,7.348,9.76,-2.8,-0.36,-2.9,6.31,1.67,-62.3,5.87,24.8,0,5.27,4.322,248.41,0,1.223,,
5:41:54 AM,12:41:54 AM,6/5/2025,EXOH_tbsite_06032025_060525_053701.bin,tbsite_06032025,4,1.05,721,1.03,37.2,61.5,40,0.03,62.3,6.814,7.331,9.687,-2.8,-0.36,-2.8,6.26,1.65,-59.8,5.85,25.7,0,5.27,4.315,246.89,0,1.223,,
5:41:52 AM,12:41:52 AM,6/5/2025,EXOH_tbsite_06032025_060525_053701.bin,tbsite_06032025,4,1.06,720.9,1.07,35.8,59.3,39,0.03,60.1,6.755,7.278,9.603,-2.7,-0.36,-2.8,6.15,1.61,-57.3,5.83,26.9,0,5.27,4.307,248.47,0,1.223,,
5:41:50 AM,12:41:50 AM,6/5/2025,EXOH_tbsite_06032025_060525_053701.bin,tbsite_06032025,4,1.07,720.9,1.09,34.2,56.6,37,0.03,57.3,6.716,7.255,9.547,-2.7,-0.35,-2.8,6.05,1.58,-55.5,5.8,28.6,0,5.27,4.301,252.06,0,1.223,,
5:41:48 AM,12:41:48 AM,6/5/2025,EXOH_tbsite_06032025_060525_053701.bin,tbsite_06032025,4,1.07,720.9,1.16,31.8,52.7,34,0.02,53.4,6.654,7.194,9.46,-2.7,-0.35,-2.8,5.88,1.52,-25.6,5.75,31.1,0,5.27,4.291,269.36,0,1.223,,
5:41:46 AM,12:41:46 AM,6/5/2025,EXOH_tbsite_06032025_060525_053701.bin,tbsite_06032025,4,1.06,720.9,1.56,29.3,48.5,32,0.02,49.2,6.598,7.112,9.38,-2.7,-0.35,-2.8,5.52,1.4,-19.2,5.62,38.2,0,5.27,4.281,509.31,0,1.223,,
5:41:45 AM,12:41:45 AM,6/5/2025,EXOH_tbsite_06032025_060525_053701.bin,tbsite_06032025,4,1,720.9,1.64,27.5,45.5,30,0.02,46.1,6.554,7.056,9.318,-2.7,-0.35,-2.8,5.22,1.3,-12,5.4,49.6,0,5.26,4.273,959.45,0,1.223,,
5:41:43 AM,12:41:43 AM,6/5/2025,EXOH_tbsite_06032025_060525_053701.bin,tbsite_06032025,4,0.93,720.9,2.72,25.2,41.8,27,0.02,42.3,6.493,7.005,9.231,-2.7,-0.35,-2.8,5.04,1.24,-1.2,5.22,59.3,0,5.26,4.262,1183.71,0,1.223,,
5:41:41 AM,12:41:41 AM,6/5/2025,EXOH_tbsite_06032025_060525_053701.bin,tbsite_06032025,4,0.58,720.9,14.01,23.6,39.1,25,0.02,39.6,6.449,6.941,9.168,-2.7,-0.35,-2.8,-4.16,-1.85,8.4,4.87,77.7,0,5.26,4.254,4818.7,0,1.223,,
5:41:39 AM,12:41:39 AM,6/5/2025,EXOH_tbsite_06032025_060525_053701.bin,tbsite_06032025,4,0.14,720.9,25.81,22.1,36.5,24,0.02,37,6.394,6.922,9.089,-2.7,-0.35,-2.8,178.42,59.4,28,4.63,90.9,0,5.26,4.244,1.38,0,1.223,,
5:41:37 AM,12:41:37 AM,6/5/2025,EXOH_tbsite_06032025_060525_053701.bin,tbsite_06032025,4,0.11,720.9,5.01,21.6,35.8,23,0.02,36.3,6.337,6.864,9.008,-2.7,-0.35,-2.7,178.04,59.27,33.1,4.59,92.7,0,5.26,4.234,1.11,0,1.223,,
5:41:36 AM,12:41:36 AM,6/5/2025,EXOH_tbsite_06032025_060525_053701.bin,tbsite_06032025,4,0.11,720.9,4.94,21.3,35.3,23,0.02,35.8,6.291,6.823,8.944,-2.7,-0.35,-2.7,177.66,59.15,43.4,4.44,100.8,0,5.26,4.227,1.02,0,1.223,,
5:41:34 AM,12:41:34 AM,6/5/2025,EXOH_tbsite_06032025_060525_053701.bin,tbsite_06032025,4,0.1,721,4.9,21.1,35.1,23,0.02,35.5,6.228,6.767,8.854,-2.7,-0.35,-2.7,177.21,59,46.1,4.44,101.1,0,5.26,4.22,0.98,0,1.223,,
5:41:32 AM,12:41:32 AM,6/5/2025,EXOH_tbsite_06032025_060525_053701.bin,tbsite_06032025,4,0.11,721,4.92,21,34.8,23,0.02,35.3,6.182,6.723,8.788,-2.6,-0.35,-2.7,176.7,58.83,50.1,4.43,101.3,0,5.26,4.21,0.95,0,1.223,,
5:41:30 AM,12:41:30 AM,6/5/2025,EXOH_tbsite_06032025_060525_053701.bin,tbsite_06032025,4,0.11,721,4.84,20.8,34.5,22,0.02,35,6.124,6.667,8.706,-2.6,-0.34,-2.7,176.15,58.64,57.5,4.43,101.5,0,5.26,4.2,0.9,0,1.223,,
5:41:28 AM,12:41:28 AM,6/5/2025,EXOH_tbsite_06032025_060525_053701.bin,tbsite_06032025,4,0.11,721,4.75,20.7,34.3,22,0.01,34.8,6.066,6.609,8.624,-2.6,-0.34,-2.7,175.75,58.5,59.4,4.43,101.5,0,5.26,4.192,0.85,0,1.223,,
5:41:27 AM,12:41:27 AM,6/5/2025,EXOH_tbsite_06032025_060525_053701.bin,tbsite_06032025,4,0.1,721,4.5,20.5,34,22,0.01,34.5,6.019,6.586,8.557,-2.6,-0.34,-2.7,175.17,58.31,61,4.43,101.4,0,5.26,4.181,0.83,0,1.223,,
5:41:25 AM,12:41:25 AM,6/5/2025,EXOH_tbsite_06032025_060525_053701.bin,tbsite_06032025,4,0.1,721,4.45,20.2,33.6,22,0.01,34.1,5.953,6.539,8.464,-2.6,-0.34,-2.7,174.56,58.11,63,4.43,101.3,0,5.27,4.172,0.82,0,1.223,,
5:41:23 AM,12:41:23 AM,6/5/2025,EXOH_tbsite_06032025_060525_053701.bin,tbsite_06032025,4,0.09,720.9,4.4,20,33.3,22,0.01,33.7,5.905,6.477,8.394,-2.6,-0.34,-2.7,174.05,57.94,70.5,4.43,101.1,0,5.27,4.164,0.81,0,1.223,,
5:41:21 AM,12:41:21 AM,6/5/2025,EXOH_tbsite_06032025_060525_053701.bin,tbsite_06032025,4,0.1,720.9,4.37,19.8,32.9,21,0.01,33.3,5.843,6.436,8.306,-2.6,-0.34,-2.7,173.46,57.74,71.9,4.44,100.8,0,5.27,4.155,0.78,0,1.223,,
5:41:19 AM,12:41:19 AM,6/5/2025,EXOH_tbsite_06032025_060525_053701.bin,tbsite_06032025,4,0.1,720.9,4.31,19.5,32.5,21,0.01,32.9,5.78,6.368,8.217,-2.6,-0.34,-2.7,173,57.58,73,4.44,100.6,0,5.27,4.147,0.74,0,1.223,,
5:41:18 AM,12:41:18 AM,6/5/2025,EXOH_tbsite_06032025_060525_053701.bin,tbsite_06032025,4,0.1,720.9,4.27,19.3,32.1,21,0.01,32.6,5.728,6.352,8.144,-2.6,-0.34,-2.7,172.36,57.37,74.7,4.45,100.2,0,5.27,4.141,0.72,0,1.223,,
5:41:16 AM,12:41:16 AM,6/5/2025,EXOH_tbsite_06032025_060525_053701.bin,tbsite_06032025,4,0.09,720.9,4.2,19.1,31.7,21,0.01,32.2,5.656,6.257,8.041,-2.6,-0.34,-2.7,171.75,57.16,75.5,4.46,100,0,5.26,4.135,0.72,0,1.223,,
5:41:14 AM,12:41:14 AM,6/5/2025,EXOH_tbsite_06032025_060525_053701.bin,tbsite_06032025,4,0.08,720.9,4.14,18.9,31.4,20,0.01,31.9,5.604,6.21,7.967,-2.6,-0.34,-2.7,171.32,57.02,77.6,4.46,99.6,0,5.26,4.131,0.68,0,1.223,,
5:41:12 AM,12:41:12 AM,6/5/2025,EXOH_tbsite_06032025_060525_053701.bin,tbsite_06032025,4,0.08,720.9,4.09,18.7,31.1,20,0.01,31.5,5.538,6.15,7.873,-2.6,-0.34,-2.7,170.87,56.87,84.1,4.47,99.3,0,5.26,4.125,0.66,0,1.223,,
5:41:11 AM,12:41:11 AM,6/5/2025,EXOH_tbsite_06032025_060525_053701.bin,tbsite_06032025,4,0.08,720.9,4.04,18.6,30.9,20,0.01,31.3,5.484,6.103,7.796,-2.6,-0.34,-2.7,170.53,56.75,85,4.47,99.2,0,5.26,4.121,0.64,0,1.223,,
5:41:09 AM,12:41:09 AM,6/5/2025,EXOH_tbsite_06032025_060525_053701.bin,tbsite_06032025,4,0.07,720.9,3.99,18.3,30.5,20,0.01,30.9,5.427,6.024,7.716,-2.6,-0.34,-2.7,170.06,56.6,86.2,4.48,98.9,0,5.26,4.118,0.6,0,1.223,,
5:41:07 AM,12:41:07 AM,6/5/2025,EXOH_tbsite_06032025_060525_053701.bin,tbsite_06032025,4,0.07,720.9,3.95,18.2,30.2,20,0.01,30.6,5.393,5.961,7.667,-2.6,-0.34,-2.6,169.76,56.5,87,4.48,98.6,0,5.26,4.115,0.59,0,1.223,,
5:41:05 AM,12:41:05 AM,6/5/2025,EXOH_tbsite_06032025_060525_053701.bin,tbsite_06032025,4,0.07,720.9,3.92,17.9,29.9,19,0.01,30.2,5.367,5.921,7.63,-2.6,-0.34,-2.6,169.38,56.37,88.3,4.49,98.3,0,5.26,4.112,0.59,0,1.223,,
5:41:03 AM,12:41:03 AM,6/5/2025,EXOH_tbsite_06032025_060525_053701.bin,tbsite_06032025,4,0.07,720.9,3.9,17.8,29.5,19,0.01,29.9,5.335,5.86,7.585,-2.6,-0.33,-2.6,169.01,56.25,89.6,4.49,98,0,5.26,4.109,0.58,0,1.223,,
5:41:02 AM,12:41:02 AM,6/5/2025,EXOH_tbsite_06032025_060525_053701.bin,tbsite_06032025,4,0.07,721,3.88,17.6,29.3,19,0.01,29.7,5.31,5.806,7.548,-2.6,-0.33,-2.6,168.76,56.16,91.6,4.5,97.7,0,5.26,4.108,0.57,0,1.223,,
5:41:00 AM,12:41:00 AM,6/5/2025,EXOH_tbsite_06032025_060525_053701.bin,tbsite_06032025,4,0.06,721,3.87,17.5,29.1,19,0.01,29.5,5.277,5.76,7.502,-2.6,-0.33,-2.6,168.5,56.07,98.1,4.5,97.5,0,5.26,4.107,0.57,0,1.223,,
5:40:58 AM,12:40:58 AM,6/5/2025,EXOH_tbsite_06032025_060525_053701.bin,tbsite_06032025,4,0.06,721,3.85,17.4,28.9,19,0.01,29.3,5.241,5.676,7.45,-2.5,-0.33,-2.6,168.33,56.02,99,4.5,97.3,0,5.26,4.106,0.57,0,1.223,,
5:40:56 AM,12:40:56 AM,6/5/2025,EXOH_tbsite_06032025_060525_053701.bin,tbsite_06032025,4,0.06,721,3.84,17.2,28.7,19,0.01,29,5.214,5.648,7.412,-2.5,-0.33,-2.6,168.08,55.93,100.3,4.51,97.2,0,5.27,4.105,0.57,0,1.223,,
5:40:54 AM,12:40:54 AM,6/5/2025,EXOH_tbsite_06032025_060525_053701.bin,tbsite_06032025,4,0.07,721,3.82,17.1,28.5,19,0.01,28.8,5.179,5.576,7.363,-2.5,-0.33,-2.6,167.81,55.84,101.9,4.51,97,0,5.27,4.105,0.59,0,1.223,,
5:40:53 AM,12:40:53 AM,6/5/2025,EXOH_tbsite_06032025_060525_053701.bin,tbsite_06032025,4,0.06,720.9,3.81,17,28.3,18,0.01,28.7,5.151,5.556,7.323,-2.5,-0.33,-2.6,167.58,55.77,103.3,4.51,96.9,0,5.27,4.105,0.57,0,1.223,,
5:40:51 AM,12:40:51 AM,6/5/2025,EXOH_tbsite_06032025_060525_053701.bin,tbsite_06032025,4,0.07,720.9,3.79,16.9,28.2,18,0.01,28.5,5.114,5.46,7.27,-2.5,-0.33,-2.6,167.31,55.67,105,4.52,96.8,0,5.27,4.106,0.56,0,1.223,,
5:40:49 AM,12:40:49 AM,6/5/2025,EXOH_tbsite_06032025_060525_053701.bin,tbsite_06032025,4,0.07,720.9,3.78,16.8,28,18,0.01,28.4,5.071,5.413,7.21,-2.5,-0.33,-2.6,167.12,55.61,107,4.52,96.6,0,5.27,4.107,0.55,0,1.223,,
5:40:47 AM,12:40:47 AM,6/5/2025,EXOH_tbsite_06032025_060525_053701.bin,tbsite_06032025,4,0.07,720.9,3.76,16.7,27.8,18,0.01,28.2,5.041,5.332,7.166,-2.5,-0.33,-2.6,166.86,55.52,113.9,4.52,96.6,0,5.27,4.11,0.53,0,1.223,,
5:40:46 AM,12:40:46 AM,6/5/2025,EXOH_tbsite_06032025_060525_053701.bin,tbsite_06032025,4,0.06,720.9,3.74,16.6,27.7,18,0.01,28,5.002,5.272,7.11,-2.5,-0.33,-2.6,166.68,55.46,115,4.52,96.5,0,5.27,4.112,0.54,0,1.223,,
5:40:44 AM,12:40:44 AM,6/5/2025,EXOH_tbsite_06032025_060525_053701.bin,tbsite_06032025,4,0.07,720.9,3.74,16.6,27.5,18,0.01,27.9,4.972,5.197,7.068,-2.5,-0.33,-2.6,166.44,55.38,116.4,4.52,96.5,0,5.27,4.116,0.54,0,1.223,,
5:40:42 AM,12:40:42 AM,6/5/2025,EXOH_tbsite_06032025_060525_053701.bin,tbsite_06032025,4,0.07,720.9,3.73,16.5,27.4,18,0.01,27.8,4.931,5.134,7.009,-2.5,-0.32,-2.6,166.19,55.3,118.1,4.52,96.5,0,5.27,4.12,0.53,0,1.223,,
5:40:40 AM,12:40:40 AM,6/5/2025,EXOH_tbsite_06032025_060525_053701.bin,tbsite_06032025,4,0.07,720.9,3.72,16.4,27.3,18,0.01,27.7,4.888,5.036,6.949,-2.5,-0.32,-2.5,165.99,55.23,119.3,4.52,96.6,0,5.27,4.124,0.52,0,1.223,,
5:40:38 AM,12:40:38 AM,6/5/2025,EXOH_tbsite_06032025_060525_053701.bin,tbsite_06032025,4,0.07,720.9,3.71,16.4,27.2,18,0.01,27.6,4.857,4.991,6.904,-2.5,-0.32,-2.5,165.75,55.15,120.7,4.52,96.6,0,5.27,4.13,0.52,0,1.223,,
5:40:36 AM,12:40:36 AM,6/5/2025,EXOH_tbsite_06032025_060525_053701.bin,tbsite_06032025,4,0.06,720.9,3.69,16.3,27.2,18,0.01,27.5,4.817,4.9,6.848,-2.4,-0.32,-2.5,165.53,55.08,128.8,4.52,96.6,0,5.26,4.138,0.54,0,1.223,,
5:40:35 AM,12:40:35 AM,6/5/2025,EXOH_tbsite_06032025_060525_053701.bin,tbsite_06032025,4,0.07,721,3.69,16.3,27.1,18,0.01,27.5,4.785,4.852,6.802,-2.4,-0.32,-2.5,165.35,55.02,129.7,4.52,96.6,0,5.26,4.144,0.54,0,1.223,,
5:40:33 AM,12:40:33 AM,6/5/2025,EXOH_tbsite_06032025_060525_053701.bin,tbsite_06032025,4,0.07,721,3.68,16.3,27,18,0.01,27.4,4.731,4.752,6.726,-2.4,-0.31,-2.5,165.1,54.93,130.9,4.52,96.7,0,5.26,4.154,0.54,0,1.223,,
5:40:31 AM,12:40:31 AM,6/5/2025,EXOH_tbsite_06032025_060525_053701.bin,tbsite_06032025,4,0.07,721,3.66,16.3,27,18,0.01,27.4,4.68,4.652,6.653,-2.4,-0.31,-2.5,164.92,54.87,131.9,4.52,96.7,0,5.26,4.164,0.54,0,1.223,,
5:40:29 AM,12:40:29 AM,6/5/2025,EXOH_tbsite_06032025_060525_053701.bin,tbsite_06032025,4,0.06,721,3.65,16.2,27,18,0.01,27.3,4.613,4.598,6.558,-2.4,-0.31,-2.5,164.67,54.79,133.3,4.52,96.8,0,5.26,4.177,0.55,0,1.223,,
5:40:28 AM,12:40:28 AM,6/5/2025,EXOH_tbsite_06032025_060525_053701.bin,tbsite_06032025,4,0.06,721,3.63,16.2,26.9,18,0.01,27.3,3.859,4.482,5.485,-2.4,-0.31,-2.4,164.5,54.73,134.4,4.52,96.8,0,5.26,4.19,0.55,0,1.223,,
5:40:26 AM,12:40:26 AM,6/5/2025,EXOH_tbsite_06032025_060525_053701.bin,tbsite_06032025,4,0.07,721,3.65,16.2,26.9,17,0.01,27.3,3.827,4.416,5.441,-2.4,-0.31,-2.4,164.26,54.65,135.9,4.51,96.9,0,5.27,4.2,0.57,0,1.223,,
5:40:24 AM,12:40:24 AM,6/5/2025,EXOH_tbsite_06032025_060525_053701.bin,tbsite_06032025,4,0.07,720.8,3.63,16.2,26.9,17,0.01,27.3,3.787,4.335,5.384,-2.3,-0.3,-2.4,164.06,54.58,138.4,4.51,96.9,0,5.27,4.213,0.56,0,1.223,,
5:40:22 AM,12:40:22 AM,6/5/2025,EXOH_tbsite_06032025_060525_053701.bin,tbsite_06032025,4,0.07,720.8,3.63,16.2,26.9,17,0.01,27.2,3.756,4.259,5.339,-2.3,-0.3,-2.4,163.91,54.53,146.2,4.51,96.9,0,5.27,4.223,0.57,0,1.223,,
5:40:20 AM,12:40:20 AM,6/5/2025,EXOH_tbsite_06032025_060525_053701.bin,tbsite_06032025,4,0.07,720.8,3.62,16.2,26.8,17,0.01,27.2,3.714,4.16,5.28,-2.3,-0.3,-2.4,163.74,54.48,147.3,4.51,96.9,0,5.27,4.239,0.58,0,1.223,,
5:40:18 AM,12:40:18 AM,6/5/2025,EXOH_tbsite_06032025_060525_053701.bin,tbsite_06032025,4,0.06,720.8,3.61,16.2,26.8,17,0.01,27.2,3.677,4.096,5.227,-2.3,-0.3,-2.4,163.58,54.42,148.5,4.51,96.9,0,5.27,4.255,0.57,0,1.223,,
5:40:17 AM,12:40:17 AM,6/5/2025,EXOH_tbsite_06032025_060525_053701.bin,tbsite_06032025,4,0.07,720.8,3.61,16.2,26.8,17,0.01,27.1,3.646,4.04,5.184,-2.3,-0.3,-2.3,163.47,54.38,149.4,4.52,96.9,0,5.27,4.268,0.58,0,1.223,,
5:40:15 AM,12:40:15 AM,6/5/2025,EXOH_tbsite_06032025_060525_053701.bin,tbsite_06032025,4,0.05,720.8,3.6,16.2,26.7,17,0.01,27.1,3.603,3.969,5.122,-2.3,-0.29,-2.3,163.35,54.35,150.5,4.52,96.8,0,5.27,4.283,0.61,0,1.223,,
5:40:13 AM,12:40:13 AM,6/5/2025,EXOH_tbsite_06032025_060525_053701.bin,tbsite_06032025,4,0.05,720.9,3.59,16.1,26.7,17,0.01,27.1,3.562,3.907,5.063,-2.3,-0.29,-2.3,163.23,54.3,151.8,4.52,96.8,0,5.27,4.298,0.65,0,1.223,,
5:40:11 AM,12:40:11 AM,6/5/2025,EXOH_tbsite_06032025_060525_053701.bin,tbsite_06032025,4,0.05,720.9,3.6,16.1,26.7,17,0.01,27,3.528,3.829,5.015,-2.2,-0.29,-2.3,163.17,54.28,152.6,4.52,96.8,0,5.27,4.311,0.65,0,1.223,,
5:40:09 AM,12:40:09 AM,6/5/2025,EXOH_tbsite_06032025_060525_053701.bin,tbsite_06032025,4,0.06,720.9,3.6,16.1,26.6,17,0.01,27,3.486,3.742,4.955,-2.2,-0.29,-2.3,163.1,54.26,154.9,4.52,96.7,0,5.27,4.327,0.67,0,1.223,,
5:40:08 AM,12:40:08 AM,6/5/2025,EXOH_tbsite_06032025_060525_053701.bin,tbsite_06032025,4,0.05,720.9,3.59,16.1,26.6,17,0.01,27,3.444,3.626,4.896,-2.2,-0.29,-2.3,163.02,54.24,163.4,4.52,96.7,0,5.27,4.339,0.67,0,1.223,,
5:40:06 AM,12:40:06 AM,6/5/2025,EXOH_tbsite_06032025_060525_053701.bin,tbsite_06032025,4,0.05,720.9,3.59,16.1,26.5,17,0.01,26.9,3.417,3.556,4.858,-2.2,-0.29,-2.3,162.97,54.22,164.3,4.52,96.6,0,5.26,4.354,0.64,0,1.223,,
5:40:04 AM,12:40:04 AM,6/5/2025,EXOH_tbsite_06032025_060525_053701.bin,tbsite_06032025,4,0.04,720.9,3.58,16.1,26.5,17,0.01,26.9,3.386,3.49,4.813,-2.2,-0.28,-2.3,162.9,54.19,165.2,4.52,96.5,0,5.26,4.372,0.64,0,1.223,,
5:40:02 AM,12:40:02 AM,6/5/2025,EXOH_tbsite_06032025_060525_053701.bin,tbsite_06032025,4,0.04,721,3.58,16.1,26.5,17,0.01,26.8,3.364,3.437,4.783,-2.2,-0.28,-2.2,162.86,54.18,165.9,4.52,96.4,0,5.26,4.389,0.65,0,1.223,,
5:40:01 AM,12:40:01 AM,6/5/2025,EXOH_tbsite_06032025_060525_053701.bin,tbsite_06032025,4,0.03,721,3.56,16,26.4,17,0.01,26.8,3.334,3.388,4.739,-2.2,-0.28,-2.2,162.82,54.17,166.8,4.53,96.3,0,5.26,4.417,0.62,0,1.223,,
5:39:59 AM,12:39:59 AM,6/5/2025,EXOH_tbsite_06032025_060525_053701.bin,tbsite_06032025,4,0.04,721,3.55,16,26.4,17,0.01,26.7,3.288,3.323,4.674,-2.1,-0.28,-2.2,162.78,54.15,167.3,4.53,96.2,0,5.26,4.443,0.59,0,1.223,,
5:39:57 AM,12:39:57 AM,6/5/2025,EXOH_tbsite_06032025_060525_053701.bin,tbsite_06032025,4,0.03,720.9,3.53,16,26.3,17,0.01,26.7,3.27,3.256,4.649,-2.1,-0.27,-2.2,162.71,54.13,168.1,4.53,96.1,0,5.26,4.481,0.58,0,1.223,,
5:39:55 AM,12:39:55 AM,6/5/2025,EXOH_tbsite_06032025_060525_053701.bin,tbsite_06032025,4,0.04,720.9,3.71,16,26.3,17,0.01,26.6,3.196,3.187,4.543,-2.1,-0.27,-2.2,162.63,54.1,169.2,4.54,95.9,0,5.27,4.523,0.59,0,1.223,,
5:39:53 AM,12:39:53 AM,6/5/2025,EXOH_tbsite_06032025_060525_053701.bin,tbsite_06032025,4,0.05,720.9,3.45,16,26.2,17,0.01,26.6,2.461,3.119,3.498,-2.1,-0.27,-2.1,162.55,54.08,169.6,4.54,95.7,0,5.27,4.556,0.58,0,1.223,,
5:39:51 AM,12:39:51 AM,6/5/2025,EXOH_tbsite_06032025_060525_053701.bin,tbsite_06032025,4,0.05,720.9,3.6,16,26.2,17,0.01,26.5,2.421,3.046,3.441,-2,-0.26,-2.1,162.41,54.03,171.3,4.54,95.5,0,5.27,4.605,0.58,0,1.223,,
5:39:50 AM,12:39:50 AM,6/5/2025,EXOH_tbsite_06032025_060525_053701.bin,tbsite_06032025,4,0.06,720.9,3.6,16,26.1,17,0.01,26.5,2.361,2.97,3.356,-2,-0.26,-2.1,162.26,53.98,180.8,4.55,95.4,0,5.27,4.654,0.59,0,1.223,,
5:39:48 AM,12:39:48 AM,6/5/2025,EXOH_tbsite_06032025_060525_053701.bin,tbsite_06032025,4,0.06,720.9,3.61,15.9,26.1,17,0.01,26.4,2.319,2.903,3.296,-2,-0.26,-2,162.16,53.95,181.7,4.55,95.1,0,5.27,4.691,0.57,0,1.223,,
5:39:46 AM,12:39:46 AM,6/5/2025,EXOH_tbsite_06032025_060525_053701.bin,tbsite_06032025,4,0.07,720.9,3.62,15.9,26,17,0.01,26.4,2.267,2.824,3.223,-1.9,-0.25,-2,162,53.89,182.7,4.56,94.9,0,5.28,4.743,0.59,0,1.223,,
5:39:44 AM,12:39:44 AM,6/5/2025,EXOH_tbsite_06032025_060525_053701.bin,tbsite_06032025,4,0.08,720.9,3.63,15.9,25.9,17,0.01,26.3,2.213,2.747,3.146,-1.9,-0.25,-2,161.9,53.86,183.3,4.56,94.7,0,5.28,4.786,0.59,0,1.223,,
5:39:42 AM,12:39:42 AM,6/5/2025,EXOH_tbsite_06032025_060525_053701.bin,tbsite_06032025,4,0.09,720.9,3.68,15.9,25.8,17,0.01,26.2,2.175,2.681,3.092,-1.9,-0.24,-1.9,161.74,53.81,184.3,4.57,94.5,0,5.28,4.843,0.6,0,1.223,,
5:39:41 AM,12:39:41 AM,6/5/2025,EXOH_tbsite_06032025_060525_053701.bin,tbsite_06032025,4,0.1,720.9,3.71,15.9,25.8,17,0.01,26.1,2.128,2.622,3.026,-1.9,-0.24,-1.9,161.62,53.77,184.9,4.57,94.3,0,5.28,4.889,0.6,0,1.223,,
5:39:39 AM,12:39:39 AM,6/5/2025,EXOH_tbsite_06032025_060525_053701.bin,tbsite_06032025,4,0.11,720.9,3.75,15.8,25.7,17,0.01,26,2.092,2.543,2.975,-1.8,-0.23,-1.9,161.47,53.72,185.8,4.58,94,0,5.28,4.95,0.61,0,1.223,,
5:39:37 AM,12:39:37 AM,6/5/2025,EXOH_tbsite_06032025_060525_053701.bin,tbsite_06032025,4,0.12,720.9,3.81,15.8,25.6,17,0.01,25.9,2.049,2.483,2.913,-1.8,-0.23,-1.8,161.34,53.67,186.8,4.58,93.7,0,5.28,5.017,0.6,0,1.223,,
5:39:35 AM,12:39:35 AM,6/5/2025,EXOH_tbsite_06032025_060525_053701.bin,tbsite_06032025,4,0.12,720.9,3.88,15.8,25.5,17,0.01,25.9,2.003,2.412,2.848,-1.8,-0.22,-1.8,161.21,53.63,187.5,4.58,93.6,0,5.28,5.087,0.6,0,1.223,,
5:39:33 AM,12:39:33 AM,6/5/2025,EXOH_tbsite_06032025_060525_053701.bin,tbsite_06032025,4,0.13,720.9,3.95,15.8,25.4,17,0.01,25.8,1.971,2.361,2.802,-1.7,-0.22,-1.8,161.15,53.61,188.6,4.59,93.3,0,5.28,5.136,0.62,0,1.223,,
5:39:31 AM,12:39:31 AM,6/5/2025,EXOH_tbsite_06032025_060525_053701.bin,tbsite_06032025,4,0.13,720.9,3.98,15.7,25.3,16,0.01,25.7,1.931,2.314,2.746,-1.7,-0.21,-1.7,161.06,53.58,189.7,4.59,93.1,0,5.28,5.205,0.63,0,1.223,,
5:39:30 AM,12:39:30 AM,6/5/2025,EXOH_tbsite_06032025_060525_053701.bin,tbsite_06032025,4,0.15,720.9,4.06,15.7,25.2,16,0.01,25.6,1.892,2.262,2.69,-1.7,-0.21,-1.7,160.99,53.55,191.4,4.6,93,0,5.28,5.266,0.62,0,1.223,,
5:39:28 AM,12:39:28 AM,6/5/2025,EXOH_tbsite_06032025_060525_053701.bin,tbsite_06032025,4,0.15,720.9,4.12,15.7,25.1,16,0.01,25.5,1.86,2.225,2.645,-1.6,-0.2,-1.7,160.93,53.53,201.9,4.6,92.9,0,5.28,5.349,0.63,0,1.223,,
5:39:26 AM,12:39:26 AM,6/5/2025,EXOH_tbsite_06032025_060525_053701.bin,tbsite_06032025,4,0.15,720.9,4.2,15.7,25,16,0.01,25.4,1.816,2.186,2.582,-1.6,-0.2,-1.6,160.87,53.51,202.6,4.6,92.9,0,5.27,5.44,0.64,0,1.223,,
5:39:24 AM,12:39:24 AM,6/5/2025,EXOH_tbsite_06032025_060525_053701.bin,tbsite_06032025,4,0.16,721,4.25,15.7,24.9,16,0.01,25.3,1.784,2.161,2.536,-1.5,-0.19,-1.6,160.78,53.48,203.7,4.6,92.9,0,5.27,5.51,0.66,0,1.223,,
5:39:23 AM,12:39:23 AM,6/5/2025,EXOH_tbsite_06032025_060525_053701.bin,tbsite_06032025,4,0.16,721,4.33,15.6,24.8,16,0.01,25.2,1.743,2.131,2.478,-1.5,-0.19,-1.5,160.67,53.45,204.8,4.6,93,0,5.27,5.619,0.66,0,1.223,,
5:39:21 AM,12:39:21 AM,6/5/2025,EXOH_tbsite_06032025_060525_053701.bin,tbsite_06032025,4,0.16,721,4.4,15.6,24.7,16,0.01,25.1,1.703,2.095,2.421,-1.4,-0.18,-1.5,160.56,53.41,205.7,4.6,93.1,0,5.27,5.71,0.66,0,1.223,,
5:39:19 AM,12:39:19 AM,6/5/2025,EXOH_tbsite_06032025_060525_053701.bin,tbsite_06032025,4,0.17,721,4.43,15.6,24.6,16,0.01,25,1.671,2.062,2.376,-1.4,-0.17,-1.4,160.4,53.36,207,4.6,93.3,0,5.27,5.846,0.65,0,1.223,,
5:39:17 AM,12:39:17 AM,6/5/2025,EXOH_tbsite_06032025_060525_053701.bin,tbsite_06032025,4,0.18,721,4.44,15.6,24.5,16,0.01,24.9,1.628,2.019,2.314,-1.3,-0.17,-1.4,160.27,53.31,208,4.6,93.4,0,5.27,5.964,0.63,0,1.223,,
5:39:15 AM,12:39:15 AM,6/5/2025,EXOH_tbsite_06032025_060525_053701.bin,tbsite_06032025,4,0.2,721,4.41,15.6,24.4,16,0.01,24.8,1.597,1.994,2.271,-1.3,-0.16,-1.3,160.1,53.26,209.3,4.6,93.4,0,5.27,6.122,0.62,0,1.223,,
5:39:13 AM,12:39:13 AM,6/5/2025,EXOH_tbsite_06032025_060525_053701.bin,tbsite_06032025,4,0.23,721,4.38,15.6,24.3,16,0.01,24.7,1.559,1.947,2.216,-1.2,-0.15,-1.2,159.89,53.18,210.8,4.59,93.6,0,5.27,6.289,0.61,0,1.223,,
5:39:12 AM,12:39:12 AM,6/5/2025,EXOH_tbsite_06032025_060525_053701.bin,tbsite_06032025,4,0.22,721,4.34,15.6,24.2,16,0.01,24.6,1.515,1.901,2.154,-1.2,-0.14,-1.2,159.7,53.12,212.1,4.59,93.7,0,5.27,6.464,0.58,0,1.223,,
5:39:10 AM,12:39:10 AM,6/5/2025,EXOH_tbsite_06032025_060525_053701.bin,tbsite_06032025,4,0.21,721,4.33,15.7,24.2,16,0.01,24.6,1.487,1.873,2.114,-1.1,-0.13,-1.1,159.43,53.03,213.7,4.59,93.9,0,5.27,6.598,0.55,0,1.223,,
5:39:08 AM,12:39:08 AM,6/5/2025,EXOH_tbsite_06032025_060525_053701.bin,tbsite_06032025,4,0.21,721,4.45,15.8,24.2,16,0.01,24.6,1.443,1.846,2.052,-1,-0.12,-1,159.06,52.91,216.8,4.59,94.2,0,5.27,6.792,0.54,0,1.223,,
5:39:06 AM,12:39:06 AM,6/5/2025,EXOH_tbsite_06032025_060525_053701.bin,tbsite_06032025,4,0.21,721,4.48,15.8,24.1,16,0.01,24.5,1.411,1.8,2.006,-0.9,-0.11,-1,158.74,52.8,229.7,4.59,94.4,0,5.27,6.946,0.55,0,1.223,,
5:39:04 AM,12:39:04 AM,6/5/2025,EXOH_tbsite_06032025_060525_053701.bin,tbsite_06032025,4,0.21,721,4.6,15.9,24.1,16,0.01,24.5,1.372,1.758,1.951,-0.8,-0.1,-0.9,158.2,52.62,231.2,4.58,94.7,0,5.27,7.172,0.57,0,1.223,,
5:39:03 AM,12:39:03 AM,6/5/2025,EXOH_tbsite_06032025_060525_053701.bin,tbsite_06032025,4,0.21,721.1,4.83,16,24.2,16,0.01,24.6,1.33,1.709,1.89,-0.7,-0.09,-0.7,157.71,52.45,232.7,4.58,95,0,5.27,7.399,0.57,0,1.223,,
5:39:01 AM,12:39:01 AM,6/5/2025,EXOH_tbsite_06032025_060525_053701.bin,tbsite_06032025,4,0.2,721.1,5.06,16.2,24.2,16,0.01,24.6,1.292,1.675,1.836,-0.6,-0.07,-0.6,157.24,52.3,234,4.57,95.3,0,5.27,7.582,0.57,0,1.223,,
5:38:59 AM,12:38:59 AM,6/5/2025,EXOH_tbsite_06032025_060525_053701.bin,tbsite_06032025,4,0.19,721.1,5.25,16.4,24.4,16,0.01,24.8,1.261,1.641,1.793,-0.5,-0.06,-0.5,156.61,52.08,235.8,4.57,95.7,0,5.27,7.861,0.56,0,1.223,,
5:38:57 AM,12:38:57 AM,6/5/2025,EXOH_tbsite_06032025_060525_053701.bin,tbsite_06032025,4,0.17,721.1,5.69,16.6,24.5,16,0.01,24.9,1.231,1.619,1.75,-0.3,-0.04,-0.4,156.15,51.93,237.2,4.56,96.2,0,5.27,8.047,0.56,0,1.223,,
5:38:55 AM,12:38:55 AM,6/5/2025,EXOH_tbsite_06032025_060525_053701.bin,tbsite_06032025,4,0.14,721.1,5.72,16.8,24.7,16,0.01,25.1,1.194,1.574,1.697,-0.2,-0.02,-0.2,155.31,51.65,239.4,4.55,96.7,0,5.26,8.311,0.56,0,1.223,,
5:38:54 AM,12:38:54 AM,6/5/2025,EXOH_tbsite_06032025_060525_053701.bin,tbsite_06032025,4,0.12,721.1,4,17.1,25,16,0.01,25.4,1.157,1.523,1.645,0,0,0,154.32,51.32,241.6,4.53,97.9,0,5.26,8.566,0.59,0,1.223,,
5:38:52 AM,12:38:52 AM,6/5/2025,EXOH_tbsite_06032025_060525_053701.bin,tbsite_06032025,4,0.13,720.9,3.97,17.4,25.3,16,0.01,25.7,1.118,1.473,1.589,0.1,0.02,0.1,153.38,51,243.4,4.42,104,0,5.26,8.745,0.58,0,1.223,,
5:38:50 AM,12:38:50 AM,6/5/2025,EXOH_tbsite_06032025_060525_053701.bin,tbsite_06032025,4,0.12,720.9,3.92,17.8,25.6,17,0.01,26,1.091,1.425,1.55,0.3,0.04,0.3,151.96,50.52,247.4,4.41,105,0,5.26,8.995,0.61,0,1.223,,
5:38:48 AM,12:38:48 AM,6/5/2025,EXOH_tbsite_06032025_060525_053701.bin,tbsite_06032025,4,0.12,720.9,3.84,18.2,26,17,0.01,26.4,1.058,1.389,1.503,0.5,0.06,0.5,150.71,50.1,262.3,4.39,105.8,0,5.26,9.247,0.61,0,1.223,,
5:38:46 AM,12:38:46 AM,6/5/2025,EXOH_tbsite_06032025_060525_053701.bin,tbsite_06032025,4,0.13,720.9,3.8,18.5,26.4,17,0.01,26.8,1.031,1.358,1.466,0.7,0.08,0.7,150.28,49.96,264,4.39,106.4,0,5.28,9.449,0.62,0,1.223,,
5:38:44 AM,12:38:44 AM,6/5/2025,EXOH_tbsite_06032025_060525_053701.bin,tbsite_06032025,4,0.13,720.9,3.77,19,26.9,17,0.01,27.4,0.996,1.338,1.415,0.9,0.1,1,149.66,49.75,266.3,4.36,107.7,0,5.28,9.716,0.61,0,1.223,,
5:38:43 AM,12:38:43 AM,6/5/2025,EXOH_tbsite_06032025_060525_053701.bin,tbsite_06032025,4,0.13,720.9,3.7,19.7,27.6,18,0.01,28.1,0.963,1.306,1.369,1.2,0.14,1.2,148.81,49.47,268,4.35,108.6,0,5.28,9.973,0.62,0,1.223,,
5:38:41 AM,12:38:41 AM,6/5/2025,EXOH_tbsite_06032025_060525_053701.bin,tbsite_06032025,4,0.13,720.9,3.61,20.2,28.2,18,0.01,28.7,0.937,1.281,1.332,1.4,0.16,1.5,148.19,49.26,269.9,4.34,109.2,0,5.28,10.167,0.62,0,1.223,,
5:38:39 AM,12:38:39 AM,6/5/2025,EXOH_tbsite_06032025_060525_053701.bin,tbsite_06032025,4,0.13,720.9,3.53,20.9,29,19,0.01,29.5,0.906,1.252,1.287,1.8,0.2,1.8,147.18,48.92,272.3,4.32,110.4,0,5.28,10.44,0.6,0,1.223,,
5:38:37 AM,12:38:37 AM,6/5/2025,EXOH_tbsite_06032025_060525_053701.bin,tbsite_06032025,4,0.13,720.9,3.51,21.7,29.9,19,0.01,30.5,0.872,1.214,1.239,2.1,0.23,2.1,146.09,48.55,275.6,4.2,116.8,0,5.28,10.644,0.58,0,1.223,,
5:38:36 AM,12:38:36 AM,6/5/2025,EXOH_tbsite_06032025_060525_053701.bin,tbsite_06032025,4,0.13,720.9,3.73,22.9,31.3,20,0.01,31.9,0.848,1.166,1.206,2.5,0.28,2.6,144.73,48.1,293.8,4.2,117.3,0,5.28,10.908,0.54,0,1.223,,
5:38:34 AM,12:38:34 AM,6/5/2025,EXOH_tbsite_06032025_060525_053701.bin,tbsite_06032025,4,0.13,720.9,3.99,23.9,32.5,21,0.01,33.1,0.821,1.132,1.166,2.9,0.31,3,143.57,47.71,294.8,4.2,117.5,0,5.28,11.1,0.5,0,1.223,,
5:38:32 AM,12:38:32 AM,6/5/2025,EXOH_tbsite_06032025_060525_053701.bin,tbsite_06032025,4,0.13,720.9,4.01,25.2,34.1,22,0.01,34.7,0.8,1.081,1.137,3.4,0.37,3.5,141.5,47.02,295.5,4.2,117.6,0,5.28,11.355,0.47,0,1.223,,
5:38:30 AM,12:38:30 AM,6/5/2025,EXOH_tbsite_06032025_060525_053701.bin,tbsite_06032025,4,0.13,720.9,4,26.2,35.2,23,0.02,35.9,0.775,1.043,1.101,3.8,0.42,3.9,139.93,46.49,295.8,4.2,117.6,0,5.28,11.561,0.46,0,1.223,,
5:38:28 AM,12:38:28 AM,6/5/2025,EXOH_tbsite_06032025_060525_053701.bin,tbsite_06032025,4,0.11,720.9,3.89,27.5,36.7,24,0.02,37.4,0.755,1.02,1.073,4.4,0.48,4.6,134.11,44.54,296,4.2,117.6,0,5.28,11.821,0.44,0,1.223,,
5:38:27 AM,12:38:27 AM,6/5/2025,EXOH_tbsite_06032025_060525_053701.bin,tbsite_06032025,4,0.09,720.9,3.82,28.6,38,25,0.02,38.7,0.729,0.99,1.036,4.9,0.53,5,131.22,43.57,296.1,4.21,117.4,0,5.29,12.068,0.44,0,1.223,,
5:38:25 AM,12:38:25 AM,6/5/2025,EXOH_tbsite_06032025_060525_053701.bin,tbsite_06032025,4,0.09,720.9,4.12,29.5,38.9,25,0.02,39.6,0.707,0.951,1.004,5.1,0.55,5.3,115.1,38.16,296,4.21,117.2,0,5.29,12.304,0.42,0,1.223,,
5:38:23 AM,12:38:23 AM,6/5/2025,EXOH_tbsite_06032025_060525_053701.bin,tbsite_06032025,4,0.07,720.9,3.61,29.9,39.3,26,0.02,40,0.689,0.932,0.979,5.5,0.58,5.6,113.65,37.67,296,4.22,116.8,0,5.29,12.472,0.39,0,1.223,,
5:38:21 AM,12:38:21 AM,6/5/2025,EXOH_tbsite_06032025_060525_053701.bin,tbsite_06032025,4,0.05,720.9,3.47,30.1,39.3,26,0.02,40,0.668,0.888,0.95,5.8,0.61,6,112.42,37.26,295.9,4.23,116.5,0,5.29,12.694,0.35,0,1.223,,
5:38:19 AM,12:38:19 AM,6/5/2025,EXOH_tbsite_06032025_060525_053701.bin,tbsite_06032025,4,0.05,720.9,3.35,30,39.1,25,0.02,39.8,0.652,0.876,0.926,6.1,0.64,6.2,111.56,36.97,295.9,4.24,116.1,0,5.29,12.854,0.32,0,1.223,,
5:38:18 AM,12:38:18 AM,6/5/2025,EXOH_tbsite_06032025_060525_053701.bin,tbsite_06032025,4,0.05,720.9,3.23,29.9,38.7,25,0.02,39.3,0.63,0.839,0.896,6.4,0.67,6.6,110.3,36.55,295.8,4.25,115.4,0,5.29,13.06,0.28,0,1.223,,
5:38:16 AM,12:38:16 AM,6/5/2025,EXOH_tbsite_06032025_060525_053701.bin,tbsite_06032025,4,0.04,720.9,3.03,29.7,38.3,25,0.02,38.9,0.616,0.818,0.875,6.8,0.71,7,109.45,36.27,295.8,4.26,115,0,5.28,13.218,0.25,0,1.223,,
5:38:14 AM,12:38:14 AM,6/5/2025,EXOH_tbsite_06032025_060525_053701.bin,tbsite_06032025,4,0.04,720.9,3.66,29.4,37.8,25,0.02,38.4,0.597,0.793,0.849,7.3,0.76,7.6,108.52,35.95,295.7,4.28,114.4,0,5.28,13.409,0.19,0,1.223,,
5:38:12 AM,12:38:12 AM,6/5/2025,EXOH_tbsite_06032025_060525_053701.bin,tbsite_06032025,4,0.04,721,2.69,29.2,37.4,24,0.02,38,0.584,0.773,0.829,8.1,0.84,8.4,107.84,35.73,295.6,4.29,113.9,0,5.28,13.546,0.15,0,1.223,,
5:38:10 AM,12:38:10 AM,6/5/2025,EXOH_tbsite_06032025_060525_053701.bin,tbsite_06032025,4,0.04,721,2.62,28.9,36.8,24,0.02,37.4,0.566,0.745,0.804,12.3,1.27,12.7,107.17,35.5,295.6,4.3,113.2,0,5.28,13.728,0.09,0,1.223,,
5:38:09 AM,12:38:09 AM,6/5/2025,EXOH_tbsite_06032025_060525_053701.bin,tbsite_06032025,4,0.06,721,2.6,28.5,36.2,23,0.02,36.7,0.548,0.715,0.779,13.2,1.36,13.6,106.57,35.3,295.5,4.31,112.5,0,5.28,13.907,0.09,0,1.223,,
5:38:07 AM,12:38:07 AM,6/5/2025,EXOH_tbsite_06032025_060525_053701.bin,tbsite_06032025,4,0.08,721,2.63,28,35.5,23,0.02,36,0.535,0.69,0.76,14,1.44,14.4,106.08,35.13,295.5,4.32,112,0,5.28,14.034,0.07,0,1.223,,
5:38:05 AM,12:38:05 AM,6/5/2025,EXOH_tbsite_06032025_060525_053701.bin,tbsite_06032025,4,0.09,721,2.63,27.3,34.4,22,0.01,34.9,0.52,0.683,0.739,15.2,1.55,15.6,105.56,34.96,295.4,4.34,111.2,0,5.27,14.206,0.09,0,1.223,,
5:38:03 AM,12:38:03 AM,6/5/2025,EXOH_tbsite_06032025_060525_053701.bin,tbsite_06032025,4,0.11,721,2.65,26.4,33.2,22,0.01,33.7,0.505,0.654,0.717,16.5,1.68,17,104.94,34.75,295.3,4.35,110.5,0,5.27,14.377,0.15,0,1.223,,
5:38:01 AM,12:38:01 AM,6/5/2025,EXOH_tbsite_06032025_060525_053701.bin,tbsite_06032025,4,0.11,721,2.61,25.8,32.2,21,0.01,32.7,0.49,0.637,0.696,18.3,1.86,18.9,104.53,34.62,295.3,4.36,110.1,0,5.27,14.513,0.22,0,1.223,,
5:38:00 AM,12:38:00 AM,6/5/2025,EXOH_tbsite_06032025_060525_053701.bin,tbsite_06032025,4,0.11,721,2.56,24.7,30.8,20,0.01,31.3,0.465,0.623,0.661,23,2.33,23.7,103.99,34.43,295.2,4.38,109.4,0,5.27,14.668,0.31,0,1.223,,
5:37:58 AM,12:37:58 AM,6/5/2025,EXOH_tbsite_06032025_060525_053701.bin,tbsite_06032025,4,0.11,721,4.29,23.9,29.7,19,0.01,30.2,0.445,0.614,0.632,24.3,2.45,25,103.53,34.28,295.1,4.39,108.9,0,5.27,14.8,0.32,0,1.223,,
5:37:56 AM,12:37:56 AM,6/5/2025,EXOH_tbsite_06032025_060525_053701.bin,tbsite_06032025,4,0.12,721,5.03,22.9,28.4,18,0.01,28.8,0.42,0.595,0.596,25.8,2.6,26.5,102.96,34.09,295,4.4,108.4,0,5.26,14.988,0.33,0,1.223,,
5:37:54 AM,12:37:54 AM,6/5/2025,EXOH_tbsite_06032025_060525_053701.bin,tbsite_06032025,4,0.12,721,4.44,22.3,27.5,18,0.01,27.9,0.393,0.578,0.558,27.4,2.75,28.2,102.58,33.96,294.8,4.41,108.1,0,5.26,15.124,0.34,0,1.223,,
5:37:52 AM,12:37:52 AM,6/5/2025,EXOH_tbsite_06032025_060525_053701.bin,tbsite_06032025,4,0.11,721,4.57,21.7,26.6,17,0.01,27,0.376,0.563,0.534,32.4,3.24,33.4,101.97,33.76,294.6,4.42,107.5,0,5.26,15.315,0.32,0,1.223,,
5:37:51 AM,12:37:51 AM,6/5/2025,EXOH_tbsite_06032025_060525_053701.bin,tbsite_06032025,4,0.1,721,4.42,21.3,26,17,0.01,26.4,0.35,0.553,0.497,33.3,3.32,34.3,101.61,33.64,294.5,4.43,107.2,0,5.26,15.463,0.31,0,1.223,,
5:37:49 AM,12:37:49 AM,6/5/2025,EXOH_tbsite_06032025_060525_053701.bin,tbsite_06032025,4,0.09,721,6.1,20.9,25.4,17,0.01,25.8,0.332,0.535,0.471,34.8,3.46,35.8,100.97,33.42,294.2,4.44,106.6,0,5.26,15.649,0.27,0,1.223,,
5:37:47 AM,12:37:47 AM,6/5/2025,EXOH_tbsite_06032025_060525_053701.bin,tbsite_06032025,4,0.08,721,4.18,20.5,24.8,16,0.01,25.2,0.31,0.521,0.44,36.2,3.58,37.3,100.59,33.29,294.1,4.45,106.3,0,5.26,15.829,0.2,0,1.223,,
5:37:45 AM,12:37:45 AM,6/5/2025,EXOH_tbsite_06032025_060525_053701.bin,tbsite_06032025,4,0.08,721,4.47,20.3,24.5,16,0.01,24.9,0.293,0.514,0.416,38.5,3.79,39.6,100.02,33.1,293.8,4.46,105.8,0,5.28,15.962,0.16,0,1.223,,
5:37:44 AM,12:37:44 AM,6/5/2025,EXOH_tbsite_06032025_060525_053701.bin,tbsite_06032025,4,0.06,721,3.83,20,24.1,16,0.01,24.4,0.272,0.488,0.387,44,4.32,45.3,99.09,32.79,293.5,4.46,105.4,0,5.28,16.146,0.16,0,1.223,,
5:37:42 AM,12:37:42 AM,6/5/2025,EXOH_tbsite_06032025_060525_053701.bin,tbsite_06032025,4,0.07,720.9,3.82,19.8,23.9,16,0.01,24.2,0.251,0.482,0.356,45.5,4.46,46.8,98.28,32.52,293.3,4.47,105.1,0,5.28,16.212,0.17,0,1.223,,
5:37:40 AM,12:37:40 AM,6/5/2025,EXOH_tbsite_06032025_060525_053701.bin,tbsite_06032025,4,0.05,720.9,3.81,19.7,23.6,15,0.01,23.9,0.235,0.47,0.334,47.2,4.63,48.6,97.11,32.13,293,4.48,104.6,0,5.28,16.302,0.17,0,1.223,,
5:37:38 AM,12:37:38 AM,6/5/2025,EXOH_tbsite_06032025_060525_053701.bin,tbsite_06032025,4,0.06,720.9,3.84,19.4,23.2,15,0.01,23.6,0.216,0.454,0.307,49.5,4.85,51,96,31.75,292.8,4.48,104.4,0,5.28,16.396,0.18,0,1.223,,
5:37:36 AM,12:37:36 AM,6/5/2025,EXOH_tbsite_06032025_060525_053701.bin,tbsite_06032025,4,0.05,720.9,3.85,19.2,22.9,15,0.01,23.2,0.201,0.44,0.286,56.2,5.49,57.9,95.16,31.47,292.4,4.49,104,0,5.29,16.473,0.18,0,1.223,,
5:37:35 AM,12:37:35 AM,6/5/2025,EXOH_tbsite_06032025_060525_053701.bin,tbsite_06032025,4,0.05,720.8,3.82,19,22.6,15,0.01,22.9,0.182,0.425,0.258,58.2,5.67,59.9,94.33,31.19,292.2,4.5,103.8,0,5.29,16.546,0.2,0,1.223,,
5:37:33 AM,12:37:33 AM,6/5/2025,EXOH_tbsite_06032025_060525_053701.bin,tbsite_06032025,4,0.05,720.8,3.76,18.7,22.3,14,0.01,22.6,0.17,0.413,0.241,61.5,5.98,63.3,93.29,30.84,292,4.5,103.5,0,5.29,16.66,0.22,0,1.223,,
5:37:31 AM,12:37:31 AM,6/5/2025,EXOH_tbsite_06032025_060525_053701.bin,tbsite_06032025,4,0.05,720.8,3.7,18.5,22,14,0.01,22.3,0.152,0.402,0.216,69.6,6.75,71.7,92.25,30.5,291.7,4.51,103.3,0,5.29,16.783,0.22,0,1.223,,
5:37:29 AM,12:37:29 AM,6/5/2025,EXOH_tbsite_06032025_060525_053701.bin,tbsite_06032025,4,0.04,720.8,3.66,18.4,21.7,14,0.01,22,0.14,0.387,0.198,71.8,6.92,73.9,91.59,30.27,291.5,4.51,103.2,0,5.29,16.914,0.2,0,1.223,,
5:37:28 AM,12:37:28 AM,6/5/2025,EXOH_tbsite_06032025_060525_053701.bin,tbsite_06032025,4,0.04,720.8,3.59,18.3,21.4,14,0.01,21.7,0.125,0.372,0.177,74,6.94,76.2,90.67,29.97,291.4,4.52,103,0,5.29,17.307,0.19,0,1.223,,
5:37:26 AM,12:37:26 AM,6/5/2025,EXOH_tbsite_06032025_060525_053701.bin,tbsite_06032025,4,0.04,720.8,3.51,18.2,20.8,14,0.01,21,0.113,0.347,0.161,76.8,7.19,79.1,90.07,29.76,291.1,4.53,103,0,5.28,18.496,0.2,0,1.223,,
5:37:24 AM,12:37:24 AM,6/5/2025,EXOH_tbsite_06032025_060525_053701.bin,tbsite_06032025,4,0.05,721.1,3.47,18.2,20.8,14,0.01,21,0.102,0.236,0.145,81.2,7.59,83.6,89.75,29.66,290.9,4.53,103,0,5.28,18.59,0.21,0,1.223,,
5:37:22 AM,12:37:22 AM,6/5/2025,EXOH_tbsite_06032025_060525_053701.bin,tbsite_06032025,4,0.05,721.1,3.5,18.3,20.8,14,0.01,21,0.096,0.144,0.136,81.4,7.61,83.8,89.65,29.62,290.8,4.53,103,0,5.28,18.614,0.22,0,1.223,,
5:37:21 AM,12:37:21 AM,6/5/2025,EXOH_tbsite_06032025_060525_053701.bin,tbsite_06032025,4,0.06,721.1,3.52,18.3,20.8,14,0.01,21.1,0.094,0.112,0.134,81.5,7.62,83.9,89.6,29.61,290.7,4.53,102.9,0,5.28,18.617,0.23,0,1.223,,
5:37:19 AM,12:37:19 AM,6/5/2025,EXOH_tbsite_06032025_060525_053701.bin,tbsite_06032025,4,0.05,721.1,3.52,18.3,20.9,14,0.01,21.1,0.093,0.105,0.132,81.5,7.63,83.9,89.58,29.6,290.5,4.53,102.9,0,5.28,18.61,0.23,0,1.223,,
5:37:17 AM,12:37:17 AM,6/5/2025,EXOH_tbsite_06032025_060525_053701.bin,tbsite_06032025,4,0.05,721.1,3.55,18.3,20.9,14,0.01,21.1,0.092,0.103,0.13,81.5,7.63,83.9,89.59,29.6,290.4,4.53,102.9,0,5.28,18.59,0.23,0,1.223,,
5:37:15 AM,12:37:15 AM,6/5/2025,EXOH_tbsite_06032025_060525_053701.bin,tbsite_06032025,4,0.06,721.1,3.57,18.3,20.9,14,0.01,21.1,0.09,0.098,0.128,81.5,7.63,83.9,89.6,29.61,290.3,4.53,102.9,0,5.28,18.572,0.23,0,1.223,,
5:37:14 AM,12:37:14 AM,6/5/2025,EXOH_tbsite_06032025_060525_053701.bin,tbsite_06032025,4,0.06,721,3.63,18.3,20.9,14,0.01,21.1,0.089,0.097,0.127,81.4,7.63,83.9,89.66,29.63,290.2,4.53,102.9,0,5.28,18.546,0.23,0,1.223,,
5:37:12 AM,12:37:12 AM,6/5/2025,EXOH_tbsite_06032025_060525_053701.bin,tbsite_06032025,4,0.06,721,3.64,18.3,20.9,14,0.01,21.1,0.089,0.101,0.126,81.4,7.62,83.8,89.72,29.65,290,4.53,102.9,0,5.28,18.524,0.22,0,1.223,,
5:37:10 AM,12:37:10 AM,6/5/2025,EXOH_tbsite_06032025_060525_053701.bin,tbsite_06032025,4,0.07,721,3.65,18.3,20.9,14,0.01,21.1,0.088,0.101,0.125,81.3,7.62,83.7,89.78,29.67,289.9,4.53,103,0,5.28,18.511,0.23,0,1.223,,
5:37:08 AM,12:37:08 AM,6/5/2025,EXOH_tbsite_06032025_060525_053701.bin,tbsite_06032025,4,0.08,721,3.67,18.3,20.8,14,0.01,21.1,0.087,0.099,0.123,81.3,7.62,83.7,89.86,29.69,289.8,4.53,103,0,5.28,18.503,0.24,0,1.223,,
5:37:06 AM,12:37:06 AM,6/5/2025,EXOH_tbsite_06032025_060525_053701.bin,tbsite_06032025,4,0.08,721,3.66,18.2,20.8,14,0.01,21.1,0.085,0.094,0.12,81.2,7.61,83.6,89.92,29.71,289.6,4.53,103,0,5.29,18.501,0.23,0,1.223,,
5:37:04 AM,12:37:04 AM,6/5/2025,EXOH_tbsite_06032025_060525_053701.bin,tbsite_06032025,4,0.08,721,3.67,18.2,20.8,14,0.01,21,0.084,0.095,0.119,81.2,7.61,83.6,89.95,29.73,289.5,4.53,103,0,5.29,18.502,0.22,0,1.223,,
5:37:03 AM,12:37:03 AM,6/5/2025,EXOH_tbsite_06032025_060525_053701.bin,tbsite_06032025,4,0.07,720.9,3.69,18.2,20.8,14,0.01,21,0.082,0.096,0.116,81.2,7.6,83.6,90,29.74,289.3,4.53,103,0,5.29,18.51,0.21,0,1.223,,
5:37:01 AM,12:37:01 AM,6/5/2025,EXOH_tbsite_06032025_060525_053701.bin,tbsite_06032025,4,0.07,720.9,3.71,18.2,20.8,14,0.01,21,0.078,0.088,0.111,81.1,7.6,83.5,90.03,29.75,289.2,4.53,103,0,5.29,18.519,0.2,0,1.223,,
5:36:59 AM,12:36:59 AM,6/5/2025,EXOH_tbsite_06032025_060525_053701.bin,tbsite_06032025,4,0.07,720.9,3.72,18.2,20.8,14,0.01,21,0.075,0.092,0.106,81.1,7.59,83.5,90.11,29.78,289.1,4.53,103,0,5.29,18.536,0.22,0,1.223,,
5:36:58 AM,12:36:58 AM,6/5/2025,EXOH_tbsite_06032025_060525_053701.bin,tbsite_06032025,4,0.07,720.9,3.72,18.2,20.8,14,0.01,21,0.071,0.092,0.101,81.1,7.59,83.5,90.17,29.8,289,4.53,103,0,5.29,18.553,0.23,0,1.223,,
5:36:56 AM,12:36:56 AM,6/5/2025,EXOH_tbsite_06032025_060525_053701.bin,tbsite_06032025,4,0.06,720.9,3.74,18.2,20.8,14,0.01,21,0.067,0.088,0.095,81,7.58,83.4,90.16,29.79,288.8,4.53,103,0,5.27,18.577,0.23,0,1.223,,
5:36:54 AM,12:36:54 AM,6/5/2025,EXOH_tbsite_06032025_060525_053701.bin,tbsite_06032025,4,0.06,720.9,3.78,18.2,20.8,14,0.01,21,0.064,0.088,0.09,80.9,7.56,83.3,90.21,29.81,288.7,4.53,103,0,5.27,18.598,0.24,0,1.223,,
5:36:52 AM,12:36:52 AM,6/5/2025,EXOH_tbsite_06032025_060525_053701.bin,tbsite_06032025,4,0.07,721,3.72,18.2,20.8,14,0.01,21,0.06,0.094,0.086,80.8,7.55,83.2,90.25,29.82,288.6,4.53,103,0,5.27,18.625,0.25,0,1.223,,
5:36:51 AM,12:36:51 AM,6/5/2025,EXOH_tbsite_06032025_060525_053701.bin,tbsite_06032025,4,0.05,721,3.68,18.3,20.8,14,0.01,21,0.055,0.082,0.079,80.6,7.53,83,90.27,29.83,288.4,4.53,103,0,5.27,18.667,0.25,0,1.223,,
5:36:49 AM,12:36:49 AM,6/5/2025,EXOH_tbsite_06032025_060525_053701.bin,tbsite_06032025,4,0.05,721,3.63,18.3,20.8,14,0.01,21,0.052,0.086,0.074,80.5,7.51,82.9,90.23,29.82,288.3,4.53,103,0,5.27,18.698,0.23,0,1.223,,
5:36:47 AM,12:36:47 AM,6/5/2025,EXOH_tbsite_06032025_060525_053701.bin,tbsite_06032025,4,0.05,721,3.53,18.3,20.8,13,0.01,21,0.048,0.085,0.068,80.3,7.48,82.6,90.2,29.81,288.1,4.53,103,0,5.27,18.752,0.28,0,1.223,,
5:36:46 AM,12:36:46 AM,6/5/2025,EXOH_tbsite_06032025_060525_053701.bin,tbsite_06032025,4,0.04,721,3.51,18.3,20.7,13,0.01,21,0.045,0.086,0.064,80.1,7.46,82.5,90.2,29.81,288,4.53,103,0,5.27,18.808,0.3,0,1.223,,
5:36:44 AM,12:36:44 AM,6/5/2025,EXOH_tbsite_06032025_060525_053701.bin,tbsite_06032025,4,0.04,721,3.42,18.3,20.7,13,0.01,20.9,0.041,0.085,0.058,80,7.43,82.3,90.21,29.81,287.7,4.53,103,0,5.27,18.894,0.31,0,1.223,,
5:36:42 AM,12:36:42 AM,6/5/2025,EXOH_tbsite_06032025_060525_053701.bin,tbsite_06032025,4,0.04,721,3.39,18.3,20.7,13,0.01,20.9,0.037,0.082,0.052,79.9,7.41,82.3,90.08,29.77,287.6,4.53,103,0,5.27,18.96,0.35,0,1.223,,
5:36:40 AM,12:36:40 AM,6/5/2025,EXOH_tbsite_06032025_060525_053701.bin,tbsite_06032025,4,0.04,721,3.31,18.4,20.7,13,0.01,20.9,0.033,0.073,0.047,79.8,7.39,82.2,89.85,29.69,287.4,4.53,102.9,0,5.27,19.057,0.28,0,1.223,,
5:36:38 AM,12:36:38 AM,6/5/2025,EXOH_tbsite_06032025_060525_053701.bin,tbsite_06032025,4,0.04,721,3.29,18.4,20.7,13,0.01,20.9,0.03,0.069,0.042,79.8,7.36,82.1,89.59,29.6,287.1,4.53,102.9,0,5.27,19.175,0.3,0,1.223,,
5:36:36 AM,12:36:36 AM,6/5/2025,EXOH_tbsite_06032025_060525_053701.bin,tbsite_06032025,4,0.03,721.1,3.27,18.4,20.7,13,0.01,20.9,0.026,0.089,0.037,79.9,7.35,82.3,89.39,29.54,286.9,4.54,102.9,0,5.3,19.33,0.29,0,1.223,,
5:36:34 AM,12:36:34 AM,6/5/2025,EXOH_tbsite_06032025_060525_053701.bin,tbsite_06032025,4,0.03,721.1,3.21,18.5,20.7,13,0.01,20.9,0.023,0.088,0.032,80.1,7.36,82.5,89.23,29.48,286.7,4.54,102.8,0,5.3,19.435,0.28,0,1.223,,
5:36:33 AM,12:36:33 AM,6/5/2025,EXOH_tbsite_06032025_060525_053701.bin,tbsite_06032025,4,0.02,721.1,3.1,18.6,20.7,13,0.01,20.9,0.018,0.087,0.026,80.3,7.36,82.7,89.01,29.41,286.5,4.54,102.8,0,5.3,19.559,0.24,0,1.223,,
5:36:31 AM,12:36:31 AM,6/5/2025,EXOH_tbsite_06032025_060525_053701.bin,tbsite_06032025,4,0.03,721.1,3.03,18.6,20.8,13,0.01,21,0.014,0.061,0.02,80.5,7.37,82.9,88.9,29.37,286.3,4.54,102.7,0,5.3,19.659,0.2,0,1.223,,
5:36:29 AM,12:36:29 AM,6/5/2025,EXOH_tbsite_06032025_060525_053701.bin,tbsite_06032025,4,0.03,721.1,2.97,18.7,20.8,14,0.01,21,0.012,0.066,0.017,80.7,7.38,83.1,88.74,29.32,286.2,4.54,102.7,0,5.3,19.727,0.18,0,1.223,,
5:36:27 AM,12:36:27 AM,6/5/2025,EXOH_tbsite_06032025_060525_053701.bin,tbsite_06032025,4,0.03,721.1,2.96,18.7,20.8,14,0.01,21,0.009,0.067,0.013,81,7.39,83.4,88.6,29.27,286,4.54,102.6,0,5.3,19.79,0.17,0,1.223,,
5:36:25 AM,12:36:25 AM,6/5/2025,EXOH_tbsite_06032025_060525_053701.bin,tbsite_06032025,4,0.02,721,2.95,18.8,20.9,14,0.01,21,0.006,0.045,0.008,81.3,7.42,83.7,88.43,29.21,285.8,4.55,102.6,0,5.3,19.812,0.16,0,1.223,,
5:36:23 AM,12:36:23 AM,6/5/2025,EXOH_tbsite_06032025_060525_053701.bin,tbsite_06032025,4,0.03,721,2.96,18.8,20.9,14,0.01,21.1,0.004,0.002,0.006,81.3,7.43,83.7,88.35,29.19,285.7,4.55,102.5,0,5.3,19.801,0.12,0,1.223,,
5:36:22 AM,12:36:22 AM,6/5/2025,EXOH_tbsite_06032025_060525_053701.bin,tbsite_06032025,4,0.04,721,3.02,18.8,20.9,14,0.01,21.1,0.005,0.001,0.006,81.4,7.44,83.8,88.4,29.2,285.5,4.55,102.5,0,5.3,19.775,0.13,0,1.223,,
5:36:20 AM,12:36:20 AM,6/5/2025,EXOH_tbsite_06032025_060525_053701.bin,tbsite_06032025,4,0.05,721,3.07,18.8,20.9,14,0.01,21.1,0.004,0.006,0.006,81.5,7.45,83.9,88.45,29.22,285.4,4.55,102.5,0,5.3,19.744,0.15,0,1.223,,
5:36:18 AM,12:36:18 AM,6/5/2025,EXOH_tbsite_06032025_060525_053701.bin,tbsite_06032025,4,0.05,721,3.12,18.8,20.9,14,0.01,21.1,0.004,0.012,0.006,81.6,7.46,84,88.51,29.24,285.3,4.55,102.5,0,5.3,19.717,0.14,0,1.223,,
5:36:16 AM,12:36:16 AM,6/5/2025,EXOH_tbsite_06032025_060525_053701.bin,tbsite_06032025,4,0.05,721,3.16,18.8,20.9,14,0.01,21.1,0.004,0.01,0.005,81.6,7.48,84.1,88.63,29.28,285.2,4.55,102.4,0,5.3,19.675,0.14,0,1.223,,
5:36:14 AM,12:36:14 AM,6/5/2025,EXOH_tbsite_06032025_060525_053701.bin,tbsite_06032025,4,0.05,721,3.15,18.8,20.9,14,0.01,21.1,0.004,0.004,0.005,81.7,7.49,84.1,88.64,29.29,285.1,4.55,102.4,0,5.3,19.625,0.13,0,1.223,,
5:36:12 AM,12:36:12 AM,6/5/2025,EXOH_tbsite_06032025_060525_053701.bin,tbsite_06032025,4,0.06,721,3.22,18.8,21,14,0.01,21.2,0.003,0.006,0.005,81.8,7.51,84.2,88.63,29.28,285,4.55,102.4,0,5.3,19.565,0.11,0,1.223,,
5:36:11 AM,12:36:11 AM,6/5/2025,EXOH_tbsite_06032025_060525_053701.bin,tbsite_06032025,4,0.06,721,3.26,18.8,21,14,0.01,21.2,0.003,0.007,0.005,81.8,7.52,84.3,88.65,29.29,284.8,4.55,102.4,0,5.3,19.514,0.1,0,1.223,,
5:34:19 AM,12:34:19 AM,6/5/2025,EXOH_tbsite_06032025_060525_053701.bin,tbsite_06032025,4,0,721,3.01,18.7,20.8,14,0.01,21,0.126,0.133,0.179,81.8,7.49,84.2,87.73,28.98,275.8,4.58,100.4,0,5.29,19.637,0.14,0,1.223,,
